ISBN,分類,類型,系列名稱,書名,作者,簡介,出版社,語言,頁數,售價,庫存,封面連結複製用,封面連結
999-000-057849-7,文學小說類,小說,歲時風物志,春水遊鯉,清笛吹夜,江南水鄉，春意初萌，萬物復甦。故事的主人公阿鯉，是個在碧波蕩漾的湖畔長大的純真少女，她的靈動如同初春的魚兒般自由自在。然而，一場突如其來的變故，讓她原本寧靜的生活掀起波瀾。一位身世成謎的年輕畫師，帶著一幅殘缺的畫卷來到她的家鄉，畫中隱藏著一段與阿鯉身世息息相關的秘密。在春日美景的掩映下，兩人命運般地相遇，懵懂的情愫在彼此心中悄然滋長。但隨著秘密逐漸浮出水面，他們不僅要面對家族的恩怨糾葛，更要承受命運的捉弄。春水初生，情亦萌動，這段在江南煙雨中展開的緣分，將如何經受住重重考驗？,墨韻文化,中文,1024,499,229,https://lh3.googleusercontent.com/pw/AP1GczPCJ8LWZwCLfW0LwgECfUmMgButp2CMOa17kc4eBt128WVN6o82cHp8jd1okvUF_Oolhvm3PvqcqrJgkhXyY2ZniTBkKj98QCQWsEGPqV_8qXY6r0opOCNOLOWzq4jqXekt4dO1U5Z25f5ZG61cab5O=w460-h580-s-no-gm?authuser=0,查看圖片
999-000-627811-1,文學小說類,小說,歲時風物志,夏木幽亭,清笛吹夜,盛夏時節，酷暑難耐。阿鯉與畫師歷經春日的波折，情意漸濃。為了尋找解開身世之謎的關鍵線索，他們來到了一座隱匿於深山老林中的古老涼亭。亭中，他們遇到了一位神秘的隱士，這位隱士似乎知曉一切，卻又語焉不詳。夏日的蟬鳴喧囂，掩蓋不住暗流湧動的危機。與此同時，追尋畫卷秘密的勢力也悄然逼近。在茂密的夏木掩映下，他們的愛情面臨著外界的壓力和內心的掙扎。盛夏的熱烈，如同他們炙熱的情感，卻也預示著即將到來的風暴。,墨韻文化,中文,1314,499,233,https://lh3.googleusercontent.com/pw/AP1GczOAv8iBs3DOiDpLSwhoQyinHiR3IN688C0xKlSt5llQM5mDR13BIWz06KCrENX3OXmyKKth_MIAODt_jELUaNhGZ6-dQ8nt5SoBtf2zN8kwcsEJqwSDk-MjDOMQ0D2X5Lc3lq3wvUkj6t8gLwx56t-a=w460-h580-s-no-gm?authuser=0,查看圖片
999-000-767122-9,文學小說類,小說,歲時風物志,秋山煙嵐,清笛吹夜,秋意蕭瑟，落葉紛飛。為了躲避追蹤，阿鯉與畫師輾轉來到了一片被煙霧繚繞的秋山之中。在這裡，他們暫時獲得了喘息之機，卻也感受到了前所未有的孤寂。畫師的身世之謎逐漸清晰，卻也指向更加令人震驚的真相。阿鯉的身世也並非她所認為的那般簡單。秋山的寒意，如同他們內心的不安與迷茫。他們開始懷疑身邊的一切，甚至彼此之間也產生了隔閡。在漫山紅葉的映襯下，他們的愛情如同秋日的落葉般，面臨著凋零的危機。他們能否在迷霧中堅守彼此的真心，找到最終的真相？,墨韻文化,中文,1144,499,245,https://lh3.googleusercontent.com/pw/AP1GczN5I0cA84A3a9sQUyWTFBq0_iewuhH0M-kHLkUMAcvd3EbLElImVF_QJGN3uBk71cQdRB1ytboS9tKRDQo0SbmUzkYjw916pHrpQ6lH-Hax6MUyfJScN1BZtJerujkVRz8PnQC4HwhnVeubt5n0RwDV=w460-h580-s-no-gm?authuser=0,查看圖片
999-000-519277-8,文學小說類,小說,歲時風物志,冬日翠峰,清笛吹夜,寒冬降臨，大雪封山。歷經春夏秋的波折與考驗，阿鯉與畫師終於來到了故事的終點——那座在皚皚白雪中依然挺拔的翠峰。所有的謎團都將在這裡揭開，所有的恩怨都將在這裡了結。他們將面對最終的敵人，以及命運最嚴峻的挑戰。冬日的嚴寒，如同他們所承受的痛苦與磨難，卻也孕育著破冰而出的希望。他們能否如同寒冬中的翠竹般堅韌不屈，攜手迎接最終的結局？這段始於春水，經歷夏木，輾轉秋山的情緣，將在冬日的翠峰之巔，畫上怎樣的句點？,墨韻文化,中文,1254,499,59,https://lh3.googleusercontent.com/pw/AP1GczOTbPPf1mw8a5enAzOrpZbWwQrblIVdAdDNhkdY-gr42oqpNaL933LiRphFkP4YZmB1t7ApkR0ZrqgVVsyzsgQ-0B1UEp-MsTNDIuFchnCJ8rXvbDhUBFHos0SiSq67GNCv6DFaaadAJa8OdWfdQZWM=w460-h580-s-no-gm?authuser=0,查看圖片
999-000-841618-9,文學小說類,散文,,繁花樹下的凝眸,花影池畔,春末夏初，百花盛開。一座古老的庭院裡，繁盛的花朵如同錦繡般鋪展開來，香氣氤氳。故事的主人公是一位深閨女子，她擁有絕世的容顏，卻被禁錮在這座看似華麗的牢籠之中。她的生活如同庭院中的花朵，美麗卻也孤寂。偶然間，一位年輕的詩人闖入了她的視野，他的才情與溫柔如同和煦的春風，吹動了她沉寂的心弦。兩人透過詩詞往來，情愫暗生。然而，身份的懸殊，禮教的束縛，如同庭院中無形的牆垣，阻隔著他們的靠近。花影池畔以其細膩的女性視角，描繪了深閨女子的渴望與掙扎，以及在繁花盛開的表象下，那份小心翼翼卻又熱烈的情感。,知行書坊,中文,784,551,206,https://lh3.googleusercontent.com/pw/AP1GczPV2onMGGBTDxqKmu7tE822jjJZhKXlpaU75-5zXr2KBAkBXna1iIG9Ijt52dAMuyLFguRFuhC7QR8BWV6bjT76ojg0Yi3xEPP1y4tl96id0Izz1-LtAKOU2e7xF9XWSXLdW6DOkuJm46jIn-e7kFjk=w460-h580-s-no-gm?authuser=0,查看圖片
999-000-088191-0,文學小說類,小說,,焰心,虛白,在一個充滿神秘力量的世界裡，主人公是一位天生擁有操控火焰能力的少女。她的火焰不僅熾熱，更蘊含著強大的毀滅與創造之力。然而，這種異於常人的能力卻為她帶來了無盡的恐懼與排斥。她如同孤獨的焰火，在黑暗中獨自燃燒。一次意外，她被迫捲入一場關乎世界命運的紛爭之中。為了尋找自己的歸屬，也為了保護自己所珍視的一切，她踏上了一段充滿艱辛與挑戰的旅程。虛白以其充滿張力的文字，描繪了一個充滿奇幻色彩的世界，以及少女在熊熊烈火中尋找自我與救贖的故事。,知行書坊,中文,849,748,75,https://lh3.googleusercontent.com/pw/AP1GczMvIxjPNQ8qqDjisgG-Y5cWUlrZyGAXxn7i3HPHk4JnQJckLHA4IvWXN42ncgR682KQqPQksnPpttlq2EapM_WV3Chl50Q4kPb719UCk9uBQgykIEteUFCcq4a3dJ60DTGZD3Jo2-VM6goQKe0w-tUX=w460-h580-s-no-gm?authuser=0,查看圖片
999-000-428047-0,文學小說類,小說,榮光編年史,星界先鋒,虛白,在人類文明的疆域擴展至無垠星海的時代，年輕的主人公懷揣著對未知的憧憬，加入了星界先鋒的行列。他渴望探索宇宙的奧秘，證明自己的價值。然而，初次踏入冰冷的宇宙深空，他所面對的不僅是未知的環境和潛在的危險，更是自身能力的不足和經驗的匱乏。一次深入未知星系的探索任務中，他意外觸及了古老文明的遺跡，強大的力量與未知的知識向他湧來，也讓他意識到宇宙的深邃與自身的渺小。在迷茫與挑戰中，他必須不斷學習、成長，才能在危機四伏的星海中找到自己的方向，並肩負起先鋒者的責任。虛白以其充滿未來感的筆觸，描繪了主人公在廣袤宇宙中的初次試煉與蛻變，以及在探索未知中不斷成長的歷程。,知行書坊,中文,963,711,242,https://lh3.googleusercontent.com/pw/AP1GczNI8yPBvbuyfH4APmE1RUGq0buKttiLttVLkHwdiOkLDwe4HsH4g2Q46Cqdajf2Pk5-Jhvd2LRBzVArMb3pvfBjubLqVhIBB3kTAmKad2U4lAEbLxAPG_P254_2FLQMA5W7SEUWkDZpR3iEGGCKQMZn=w460-h580-s-no-gm?authuser=0,查看圖片
999-000-363003-4,文學小說類,小說,榮光編年史,聖堂騎士,虛白,經歷了星界探索的洗禮，昔日的先鋒已成長為肩負重任的聖堂騎士。他不僅掌握了先進的科技力量，更在與未知文明的接觸中，領悟到古老信仰與精神力量的重要性。然而，當一股來自異維度的黑暗力量開始侵蝕人類世界時，他發現僅憑個人的力量遠遠不夠。他必須學會領導、信任同伴，並在堅守信仰的同時，擁抱變革。這是一段關於責任與犧牲的旅程，主人公將在與強大敵人的戰鬥中不斷突破自我，理解真正的守護並非僅僅是力量，更是信念與傳承。虛白以其宏大的敘事和深刻的筆觸，描繪了主人公從青澀走向成熟，最終成長為人類文明堅實守護者的史詩故事。,知行書坊,中文,1159,711,202,https://lh3.googleusercontent.com/pw/AP1GczP8FyFOY-KTN7PbR3Cka22b-k2107k88E3ynVca64N8UJJkn_1Ks7Lo85LPQqBmGRXQlIfQZnqCCy6tUdV8Bom18eF62BAiBg1ZO_LcDqGd3UjFJbcEjmpsQKcORR_qfYeFjDV-4Siw2WZqs6rJ2hVa=w460-h580-s-no-gm?authuser=0,查看圖片
999-000-626340-3,文學小說類,散文,,龍騰街市,墨韻山河,在一個充滿東方奇幻色彩的古代都城中，夜幕降臨，華燈初上，喧囂的街市如同甦醒的巨龍，散發出勃勃生機。主人公是一位身懷絕技的年輕俠客，他隱匿於市井之中，行俠仗義，守護著這片看似繁華的土地下的正義。然而，繁榮的表面下，卻暗流湧動，權貴的陰謀，江湖的恩怨，都如同潛伏的蛟龍，伺機而動。一次偶然的事件，將他捲入了一場牽涉到整個都城安危的巨大陰謀之中。墨韻山河以其生動的筆觸，描繪了古代都城的市井風情和江湖百態，以及主人公在龍蛇混雜的環境中，如何運用智慧與武力，守護心中的道義。,知行書坊,中文,879,948,219,https://lh3.googleusercontent.com/pw/AP1GczMjuhXxq1gnxcBuEzoEJD1JLtBUMrG74XVUxc__xTEDUronSQ86bBVNejfk6ywwhTUtJJuss4s7QU7ykPjWb42paUCl7Y5RsFYYah8BMHLLoNDY3Zq43nQk0AZQYrSZUBlN_6POpMqHDu9pOE-CFgG9=w460-h580-s-no-gm?authuser=0,查看圖片
999-000-840731-7,文學小說類,散文,,夜色水巷,廢墟中的堅毅,夜色如墨，籠罩著古老的水鄉。狹窄的水巷中，燈火搖曳，倒映在緩緩流動的河水中，如同點點星光。主人公是一位在戰火中失去家園的女子，她如同漂泊的浮萍，在殘垣斷壁中艱難求生。曾經繁華的家園已成廢墟，昔日的美好記憶如同夜色中的幻影，觸不可及。然而，在絕望的陰影中，一絲微弱的希望之光正在悄然燃起。她在廢墟中遇到了一位同樣身受創傷的男子，兩個破碎的靈魂在寒冷的夜色中相互依偎，尋求著一絲溫暖與慰藉。廢墟中的堅毅以其沉靜而又充滿力量的文字，描繪了戰後的殘破景象，以及在黑暗中，人性所展現出的韌性與對未來的期盼。,知行書坊,中文,991,742,15,https://lh3.googleusercontent.com/pw/AP1GczOhmUSp86kL9Ze6C5AdgC3zQwglVLbT5I-3O-9ePwdsBYdjHdmTyH1_2AXvkZq3hUyjNH7Iolb-0zsisqR5a3SaFGD91m4zIVkMkmAOscvGR_dczh6nJFO-e8L_TXxyAgwXpJH_Bwh8G6AF3QFBK5px=w460-h580-s-no-gm?authuser=0,查看圖片
999-000-825688-9,藝術設計類,繪畫,,色彩的筆尖：揮灑創意與情感,艾瑞安·影月,艾瑞安·影月以其獨特的視角，深入探索了色彩在藝術創作中的無限可能。本書不僅是一本實用的繪畫技巧指南，更是一次充滿啟發的心靈之旅。從基礎的色彩理論到進階的混色技巧，從水彩的流動寫意到油畫的厚重質感，艾瑞安·影月引導讀者透過畫筆，將內心的情感與創意自由地釋放於畫布之上。書中穿插了大量精美的畫作範例，以及藝術家本人對於色彩的深刻感悟和創作心得。無論您是初學者還是經驗豐富的畫家，都能從本書中汲取靈感，找到屬於自己的色彩語言，讓每一筆都充滿生命力，在色彩的世界裡，揮灑出獨一無二的藝術篇章。,星辰出版社,中文,204,560,174,https://lh3.googleusercontent.com/pw/AP1GczNqxw_enfApOHCXNlf3_B-e_X2MRjsujte3kUxfJR-eI9IlfTvSckFEOsn3MhM9LtEoNf-_gbQdFwtJ1itSHga4hZmflIsIdnjck-OOJcWhun20UsjgHFtLPZ9jJUmwAW7lw7a85gfNOHKKZpCdZcac=w460-h580-s-no-gm?authuser=0,查看圖片
999-000-888953-2,文學小說類,散文,,指尖的溫度：感受自然的輕柔,艾瑞安·影月,在喧囂的都市生活中，我們常常忽略了身邊細微的美好。艾瑞安·影月以其敏銳的觀察力和溫柔的筆觸，引導讀者重新發現自然界中那些容易被忽略的觸感與詩意。本書並非傳統的自然科普，而是一次感官的喚醒之旅。透過作者在不同季節、不同場景下的細膩描寫，讀者彷彿也能感受到微風拂過指尖的輕柔，泥土的粗糙與溫潤，花瓣的絲滑與嬌嫩，以及陽光灑在肌膚上的暖意。本書鼓勵讀者放慢腳步，用心去觸摸、去感受周圍的世界，從最細微的觸感中，體驗大自然賦予我們的寧靜與美好，重拾與自然的親密連結。,星辰出版社,中文,294,406,29,https://lh3.googleusercontent.com/pw/AP1GczMhcx2Pqxr2e1s1Wepx1VBZeTU63NeDPkpkw7LI2hhGqqEjEyNzo6Uj_SvVMd8GeBDAsJ3i8fVw4um1ZWE5HCHVfR_n9XXIGYIyVD9YLG3gUheuPixXRGP5BcIpTax1NVvou7aXCfvvHfVndPGr3ggG=w460-h580-s-no-gm?authuser=0,查看圖片
999-000-642368-0,人文思想類,哲學,,靜夜之思：光影中的存在與冥想,薇薇安·夜歌,薇薇安·夜歌以其富有哲理的文字，探討了在靜謐的夜晚和光影交織中，人類對於存在、意義和內在自我的深刻思考。本書並非傳統的哲學著作，而更像是一部引導心靈沉澱的散文集。作者透過對夜晚的細膩描寫，以及對光影變幻的敏銳捕捉，引領讀者進入一個沉靜而內省的世界。在夜的寂靜中，我們更容易傾聽內心的聲音，審視自己的存在。在光影的流動中，我們更能體悟生命的無常與變化。薇薇安·夜歌以其獨特的感悟，啟發讀者在日常生活中更深刻地理解自我與宇宙的關係，在紛擾的世界中找到內心的寧靜。,燭光書社,中文,213,834,239,https://lh3.googleusercontent.com/pw/AP1GczNouc2VpPjfAn4jsLQToE7CGhwjXVuXagkRWz6I0Il0ADph3jIiP9y7b50bZoINYHHORWeeuzymoaSQPmKGyO2WR-z485lzRLft5Ji30PyRLStaduBWC5C_hawQ4q9tA4eaBn0bQDmKrTOfX9r1lRpm=w460-h580-s-no-gm?authuser=0,查看圖片
999-000-982387-0,藝術設計類,建築,建築的語言,光影的構圖：簡約中的建築詩學,建築大師,被譽為「建築大師」的作者，在本書中闡述了其獨特的建築設計理念——簡約主義。他認為，真正的美並非繁複的堆砌，而是透過精心的構圖和對光影的巧妙運用，在簡潔的線條和空間中，營造出富有詩意的建築作品。本書深入剖析了多個經典的簡約建築案例，從建築的結構、材料的選擇，到光線的引入和空間的布局，都進行了細緻的解讀。作者不僅分享了他的設計哲學，更引導讀者欣賞簡約建築背後所蘊含的深層思考，以及如何在看似簡單的 forms 中，感受到豐富的空間層次和精神內涵，領略建築作為一種時間與空間藝術的永恆魅力。,燭光書社,中文,341,994,67,https://lh3.googleusercontent.com/pw/AP1GczPy1vlsKdHjQ0BJzYzc2vvCMCv6NmDLVAA-wogUblEflHLD4A-2JNiKm3xTcq8D8prI3q6VGxFlINU-vEluwoYMRGbSF1sK52UxDqES8-rVxkFy68Kkg3gsxgJ8OAPJv04MlaqpqI9tI4n1I1N40ClR=w460-h580-s-no-gm?authuser=0,查看圖片
999-000-684170-7,人文思想類,宗教,光與影的信箋,潮汐的印記：探尋古老信仰的邊界,薇薇安·夜歌,薇薇安·夜歌以其淵博的知識和細膩的筆觸，帶領讀者踏上一段追溯古老信仰的旅程。本書以矗立在潮汐之間的神秘鳥居為引，深入探討了人類早期對於自然力量的敬畏與崇拜，以及由此衍生的種種信仰儀式和文化習俗。作者不僅考察了鳥居的歷史淵源和象徵意義，更將視野擴展到世界各地類似的臨水建築和祭祀場所，探尋它們所共同承載的人類對於神聖空間的理解和表達。透過豐富的歷史文獻、考古資料和人類學研究，薇薇安·夜歌揭示了潮汐如何塑造了古老信仰的邊界，以及這些印記如何在現代社會中依然潛移默化地影響著我們的文化和精神世界。,燭光書社,中文,339,374,75,https://lh3.googleusercontent.com/pw/AP1GczNGwH5kMMbENMTTYuTD42L1M-p1DQPQ3GPS0BQtbyS9jc-SX_zDfO0_JzZ0-px42uY1vA6uxJRzxylABakqwuGBjRXoyoBszgJ_eMZ0IrwwG6fgfWUDJybHKOFei64eoIHxF4JmkCeEgsIaJF7tdx7q=w460-h580-s-no-gm?authuser=0,查看圖片
999-000-487111-8,自然科學類,科學,,瞬息的晶體：凝固時間的科學之美,KAI-37,代號 KAI-37 的科學家，以其獨特的藝術家視角，探索了微觀世界中晶體結構的神奇與美麗。本書並非枯燥的科學報告，而是一次結合了科學嚴謹性與藝術欣賞性的視覺盛宴。透過精美的顯微攝影圖片，KAI-37 向讀者展示了冰晶、鹽晶、礦物晶體等在形成過程中呈現出的千變萬化的形態和色彩。他深入淺出地解釋了晶體形成的物理和化學原理，同時也著重描繪了這些微觀結構所蘊含的幾何美學和自然規律。本書旨在引導讀者以全新的視角觀察我們周圍的世界，發現隱藏在微小事物中的科學之美，感受大自然鬼斧神工的創造力，以及科學探索所帶來的驚奇與震撼。,星辰出版社,中文,261,352,143,https://lh3.googleusercontent.com/pw/AP1GczOarzFemAnOiJDuqh2C5gXKE_SKQokhkx9xCzFBq2MdFArEw9pvO7_4hYsLeYXk7lVTPqUcq7Sdn3SjBXyRvDzxF2q3j8eSz3CGOGljn5EwGR4wekg7N9YFgi0UxEv3IeInpuwSY5_ZdcEcP_-JQXSJ=w460-h580-s-no-gm?authuser=0,查看圖片
999-000-585404-7,自然科學類,科學,,藍色星球的脈動：晝夜交替與文明之光,KAI-37,代號 KAI-37 的科學家，以其宏大的視野，從宇宙的角度審視了我們所居住的地球。本書以地球的晝夜交替為切入點，深入探討了地球的自轉、光照、氣候變化等自然現象，以及這些自然節律如何塑造了地球上的生命和文明。透過壯麗的衛星圖像和深入淺出的科學解釋，KAI-37 展示了地球這個複雜而精密的生態系統是如何運作的。同時，本書也將視角轉向人類文明，探討了城市燈光在地球夜景中的璀璨，以及這背後所代表的人類活動、科技發展和文化交流。本書旨在引導讀者認識我們星球的獨特性和脆弱性，以及人類文明在宇宙中的位置和責任。,燭光書社,中文,363,949,20,https://lh3.googleusercontent.com/pw/AP1GczMlkiEJM52y5is0QHXsBib46VE8653pYndeCjrS7-1b3pZDxuZrL9OHNMtpMngFeAdoroYx6fDysZE0TwpV7ZUoh6mkJ8kuZ7BiBd_PAJ9WCAQj8DmiFoQiTKkIr0OooIIy5b6lggJz0GIOGcMXXCqX=w460-h580-s-no-gm?authuser=0,查看圖片
999-000-603288-4,人文思想類,宗教,光與影的信箋,信仰的仰望：在光與影中追尋,薇薇安·夜歌,薇薇安·夜歌再次以其深刻的洞察力，探討了人類對於信仰的普遍渴望和在光與影之間的心靈追尋。本書並非特定的宗教研究，而是一次對人類精神層面的普遍探索。作者透過對不同文化、不同信仰中光與影意象的分析，揭示了光明常常象徵著希望、真理和神聖，而黑暗則往往代表著未知、恐懼和邪惡。然而，真正的信仰往往存在於光與影的交織之中，在迷茫中尋找方向，在黑暗中堅守希望。薇薇安·夜歌以其富含哲理的文字，引導讀者反思自身對於信仰的理解，以及如何在人生的旅程中，在光與影的變幻中，找到屬於自己的精神寄託。,燭光書社,中文,405,450,42,https://lh3.googleusercontent.com/pw/AP1GczN5a7OkSdogNpG1rPI36-vX8QzP2f2vIRrM3dyCv4CeXyS6PBf9pBjM827-QC2xZiKkUPzy80JwNdqzabGcl3f3BYFQelAlZ6qbzGRHmT13jgTg-v5nrxLzzvKDVtB-6vaBAxUK4B_qVFgCpuooU3K8=w460-h580-s-no-gm?authuser=0,查看圖片
999-000-129241-9,藝術設計類,建築,建築的語言,鏡像的效率：現代建築的設計與理念,建築大師,被譽為「建築大師」的作者，在本書中深入探討了現代建築設計中對於鏡面和反射的巧妙運用。他認為，鏡面不僅可以擴展空間的視覺感，更能夠創造出獨特的視覺效果，模糊內外邊界，增強建築與周圍環境的互動。本書透過大量的案例分析，展示了鏡面在不同類型的現代建築中的應用，例如玻璃幕牆、水面倒影、金屬立面等。作者不僅從設計美學的角度進行了闡述，更探討了鏡面在提升建築能源效率、改善室內光環境等方面的實際應用。本書旨在引導建築師和設計師們更深入地理解和運用鏡面元素，創造出既美觀又實用的現代建築作品。,星辰出版社,中文,214,641,143,https://lh3.googleusercontent.com/pw/AP1GczOwZfe-Z1LDZ92u_rJ4emKh96VToCehCq0mCGc1nUmsjhXfJXtOcjD757yQCKvwXbOx2BIz3D0SOCBwgGYb1JV_SBGIdyxrsj6sHX-398vejfL9BNf1BH5WrLmPJ7mMKO5QjoyhjDYacQlA82R-lwWh=w460-h580-s-no-gm?authuser=0,查看圖片
999-000-433342-8,歷史與地理類 ,歷史,,歲月的刻痕：探尋失落文明的記憶,薇薇安·夜歌,薇薇安·夜歌以其考古學家的敏銳目光和歷史學家的嚴謹態度，帶領讀者踏上一段追溯失落文明的探險之旅。本書以一座佈滿歲月痕跡的古老石塔為線索，逐步揭開其背後所掩埋的文明的興衰與秘密。作者結合了考古發掘的最新成果、歷史文獻的記載以及神話傳說的解讀，試圖重構那個曾經輝煌一時，卻最終湮沒在歷史長河中的文明圖景。透過對石塔的建築風格、雕刻紋飾以及周邊遺址的分析，薇薇安·夜歌引導讀者穿越時空的迷霧，聆聽來自遠古的低語，感受歲月在石頭上留下的深刻印記，以及人類文明的脆弱與堅韌。,燭光書社,中文,497,697,125,https://lh3.googleusercontent.com/pw/AP1GczOGRaQvpG0IKiJXU4qN0rtwPnC1JdgXEMnUhltm3uOghscIylJfX5HnLNa0PIlCnUIztkrpA2bN3H-ZI2r7gMvAaz3KIHejBFw41x2BIIAHiTHuMsz6NWvlIFaG5m4o60FIirTWOc0qrAAFLPgY20gv=w460-h580-s-no-gm?authuser=0,查看圖片
999-000-984157-7,文學小說類,小說,,紅樓夢,石心寺,這部經典小說以賈、史、王、薛四大家族的興衰為主線，描繪了一個鐘鳴鼎食、詩禮簪纓的貴族家庭由盛轉衰的歷史圖景。故事聚焦於賈寶玉與林黛玉、薛寶釵之間纏綿悱惻的愛情糾葛，以及大觀園中眾多閨閣女兒的悲歡離合。曹雪芹以精湛的筆法，塑造了賈寶玉的叛逆與深情、林黛玉的敏感與才華、薛寶釵的端莊與世故等一系列鮮活的人物形象。書中不僅細緻入微地展現了清代社會的風俗人情、飲食服飾、詩詞歌賦，更深刻揭示了封建社會的弊端與人性的複雜多變。這是一部百科全書式的巨著，,知返,中文,962,750,156,https://lh3.googleusercontent.com/pw/AP1GczPUymPfxPh2YFqzUYpfXHR7o0O1fzvZqlnFaghV_iigdqWrYaOne1IYdY25YVgEmUGYa-2_X4dvulD4OLQqqssAx2ihzFWRjuTXD8A8aFda3sHSwmYJwgg6i6XJAhqiuCXrVw0LJVcuoYrgkMDYsvmg=w460-h580-s-no-gm?authuser=0,查看圖片
999-000-660896-1,文學小說類,小說,,三國演義,黃問游,《三國演義》是一部波瀾壯闊的歷史演義小說，講述了東漢末年，天下大亂，魏、蜀、吳三國鼎立，最終歸晉的近百年歷史。本書以劉備、關羽、張飛桃園結義為開端，透過一系列經典戰役和智謀對決，如官渡之戰、赤壁之戰、空城計等，展現了曹操、劉備、孫權等各路英雄豪傑的雄才大略與爾虞我詐。書中不僅刻畫了眾多傳奇人物的鮮明個性，更蘊含著豐富的軍事策略、政治權謀和人生哲理。它既是歷史的縮影，也是一部對忠義、背叛、智慧與勇氣進行深度探討的巨著，引領讀者領略那個風雲變幻的時代。,知返,中文,1016,540,209,https://lh3.googleusercontent.com/pw/AP1GczN1nCBb0efX7PhLSHew8d5_wC32hipYvmUa8JOPLzB2e2oMNi6obo8ctyXxDbj81hh9SHZA-LwpVFzYbPS4Cpc_Z2W0lar0TGuiYyOFpHYdRbQ90uG3xyCS85oONUOyX9wq0l6hgNl1Y71bN4BtQaab=w460-h580-s-no-gm?authuser=0,查看圖片
999-000-360803-2,自然科學類,科學,,AI淘汰人類,兆品力,這是一部引人深思的未來學著作，探討了人工智能快速發展對人類社會可能產生的顛覆性影響。本書深入剖析了AI在各行各業中日益增長的能力，從自動化生產到複雜決策，預示著在不久的將來，許多傳統的人類工作可能被高效的AI系統取代。作者不僅探討了失業潮、貧富差距加劇等社會問題，更提出了關於人類存在意義的終極疑問：當AI在智力上全面超越人類，我們的角色將如何定義？這本書旨在引發大眾對科技倫理、未來勞動市場以及人機共存模式的廣泛討論，是一部既具啟示性又帶有警示意味的作品。,知返,中文,1188,320,223,https://lh3.googleusercontent.com/pw/AP1GczPL1Lt_iuvZ9RtLZvuQiOtpYf6eTDr2oDLFOiHSpu4hpo4WLEcQiqNVU5WBgWezAn1EwaXznKGl9KAG1yNusZ4h51UBaUWqOWHuf-shcmfh6FYOpIEW2M35Frqm-Lzc1OY0haS4UfvrchE2Hq2LS2Fr=w460-h580-s-no-gm?authuser=0,查看圖片
999-000-293900-3,自然科學類,環境工程,,大新浣,常遠卜兒,作為一部專業文獻，本書聚焦於現代城市水資源管理與清潔技術。書中深入探討了城市廢水處理、再生水利用以及河流湖泊生態修復的最新技術與實踐案例。從工業廢水到生活污水，從初期雨水徑流控制到河道清淤維護，內容旨在提供一套全面的城市水環境綜合治理方案。書中涵蓋了先進的膜分離技術、生物處理系統、智慧水務監控等前沿領域，並分析了多個成功實施「大新浣」工程的城市經驗。本書為環境工程師、城市規劃者及相關政策制定者，提供了寶貴的理論支持與實踐參考。,知返,中文,219,250,63,https://lh3.googleusercontent.com/pw/AP1GczPlwoUJ6FbyU7wYDEGY-Nmx28MxEPMKUMSk37MyF4O_xX6XRQKoi8_uGu-3mUaPTg1fjPrmCCnB_0_qvUH7WCOCK7hvC-IADxaV4tYjwPq__HftYKJrzbzaz6ysHoIyeQ1Zj3sDOa9rEn8HoMWpYhLv=w460-h580-s-no-gm?authuser=0,查看圖片
999-000-641845-8,自然科學類,自然,,騭菓,秋葉戊,這是一本專門研究珍稀果實「騭菓」的農業科學專著。本書詳細介紹了騭菓的植物學分類、生物特性、生長習性及其對土壤、氣候條件的特殊要求。從種子培育、幼苗管理、病蟲害防治到果實採摘與儲存，書中系統地闡述了騭菓從育種到豐收的全過程。同時，本書還探討了騭菓的營養成分、藥用價值以及在食品加工中的應用前景。透過大量的實驗數據、田間觀察記錄和栽培圖示，本書為專業農業研究人員、園藝愛好者以及騭菓種植者提供了權威且實用的技術指導。,知返,中文,1188,390,146,https://lh3.googleusercontent.com/pw/AP1GczNahsjrAx0sxHiMxkJIcQYWRGfA5WeZGMEKnZrFSiC6l6wgDkyYsjOkwVWr8ZWsRdBQq9itl70w7hCeRE0yiOXi6NLVBoXme_ns7GD3UYZrCrvTDTdbNNQCs4x2C0HggkY9-A6Kg2NIaGO-KI5Ng7pQ=w460-h580-s-no-gm?authuser=0,查看圖片
999-000-670585-1,自然科學類,地質,,寒山呼喚,昔布祖,這份深度考察報告專注於高海拔山脈的地質構造與生態環境。本書聚焦於特定寒帶山脈的形成機制、岩石類型、冰川地貌以及極端氣候條件下的生物多樣性。透過實地勘測數據、衛星影像分析及地質樣本研究，本書詳細描繪了寒山地區的地質演變過程、獨特的礦產資源分佈，以及適應嚴酷環境的動植物群落。此外，本書也探討了氣候變化對寒山冰川融化與生態系統的影響，旨在為地質學家、生態學者及極地探險愛好者提供一份全面的研究資料。,知返,中文,296,180,164,https://lh3.googleusercontent.com/pw/AP1GczP4tSwO7MOhekudPQTa-Kj4BwGZSWRY1jK_gyEAk65LIN4Xj0D5tfGQQcIKWnvQdh56FtfNSInupOOgiObVvRJJjxtI_PTxtzu6OB27IaUzKdDhfJu9FcyeIqI0l5P4JSo05_Nb7aa9XEc_9inFsKn-=w460-h580-s-no-gm?authuser=0,查看圖片
999-000-712471-8,自然科學類,農業,,稻來帝,石村二,作為一部農業經濟學著作，本書專門探討了稻米產業鏈與全球糧食安全問題。書中從歷史、經濟和政策等多維度，分析了稻米作為世界主要糧食作物，其生產、貿易、消費模式對全球經濟和社會穩定的影響。內容涵蓋了稻米育種技術的進步、耕作方式的演變、市場供需關係的變動，以及各國政府在稻米政策上的挑戰與機遇。本書旨在為農業研究人員、政策制定者和關心糧食安全的讀者，提供一個理解稻米產業複雜性和未來發展趨勢的專業視角。,知返,中文,667,425,191,https://lh3.googleusercontent.com/pw/AP1GczNXc-_HLmLEAFRPQzekOqTdB1slxQGUNUdD3GiVl4hVOljHmuvfPMKQJspojAJfW6cT4Zn1euH4cxjnhjW7UAe9p8MrO6Qx7aQkE5eTwvWjB0KpAsoJFpj3Pu66AI4A_LegFOIjAFSB_5mvwVj980vi=w460-h580-s-no-gm?authuser=0,查看圖片
999-000-462599-6,自然科學類,地質,,舊石戲,即子她,本書是一部專注於舊石器時代人類早期社會活動與工具演化的考古學專著。透過對出土石器、洞穴壁畫和遺址分佈的分析，書中深入探討了遠古人類的狩獵採集生活、社群組織模式，以及早期藝術與儀式活動的起源。詳細介紹了舊石器時代不同階段的標誌性工具，並闡述了這些工具的製作工藝、功能用途及其反映的技術進步。本書旨在為考古學家、人類學家及對史前文明感興趣的讀者，提供一份關於人類早期智慧與文化的權威性研究資料。,知返,中文,502,450,85,https://lh3.googleusercontent.com/pw/AP1GczP2P4mBbmfEctz9z3GhIHcCjqBlbk1Md39Js-qqv932sqkU3CacvjBk22PIOry55YBqUe1fCeEg-dg7IEJmDDEhN0N7cLwRUPuH9NHwbkynJi-O4sgFYLyiXefzX7GbU-O-0Ljf6bqG4zxncb79ZFow=w460-h580-s-no-gm?authuser=0,查看圖片
999-000-304205-4,藝術設計類,建築,,墚由,兔幸和,這是一本關於建築結構中「樑」的設計原理、材料選擇與應用案例的工程技術手冊。本書從力學分析的角度，詳細闡述了不同類型樑（如簡支樑、懸臂樑、連續樑等）的受力特點、截面設計與承載能力計算方法。內容涵蓋了傳統木樑、現代鋼筋混凝土樑、鋼樑及新型複合材料樑的性能比較與施工技術。本書旨在為土木工程師、建築師及相關專業學生提供實用的設計規範與技術參考，以確保建築結構的安全性和穩定性，是理解建築核心承重構件的專業指南。,知返,中文,744,390,67,https://lh3.googleusercontent.com/pw/AP1GczOHMb9o34Xqa38-h0poahL0wngKLgeOfLcNbanwukIqQnTBu5_HnZsfBI6gBGAubmIEOMKHvp-1-zYiw4eMogdCSb0lgdjyyevnbTm_KO3A-Fj_teM6MDfhnO0lrXnPgoq4F6CLigCcXPRSXrV5hHcr=w460-h580-s-no-gm?authuser=0,查看圖片
999-000-867932-9,自然科學類,地質,,水中泉涓,祖抓吃,作為一部水文學專著，本書深入研究了地下水流動機制與泉水形成原理。書中詳細分析了地下水補給、徑流、排泄的過程，探討了不同地質構造對泉水形成和分佈的影響。從喀斯特地貌的地下河系統到火山區的熱泉現象，內容結合水文監測數據和地球化學分析，揭示了地下水資源的動態變化規律。本書旨在為水文學家、地質工程師及水資源管理者，提供關於地下水資源探測、開發利用和保護的專業知識，以實現水資源的可持續利用。,知返,中文,956,550,225,https://lh3.googleusercontent.com/pw/AP1GczNGzZmS2g8XVsuAbL7vJy5d142k7pFlmxW978vl7IokzwTidV9nKAuGUeMOAwIVPrsx0B7o2MLnQIXm_WrYy4J5cddQQIJ0-qxhVtir2EFzl9vmD01geUDx7S7ZYVDg-mZD_wn_OK_LKCkAUzny76o9=w460-h580-s-no-gm?authuser=0,查看圖片
999-000-222223-1,自然科學類,自然,,故林匙,因貓免,本書是一部聚焦於原生林生態系統及其生物多樣性保護的專題研究。以「故林」為概念，書中探討了未經人為干擾的原始森林在維持生態平衡、物種基因庫以及碳循環中的關鍵作用。內容涵蓋了森林群落的演替、生物間的相互作用、森林土壤的形成與維持，以及氣候變化對其健康的影響。書中深入分析了多個原生林保護區的案例，並提出了有效的保護策略與管理建議。本書旨在為生態學者、環保工作者及林業專業人士，提供一份關於原生林生態價值與保護實踐的參考資料。,知返,中文,1038,880,195,https://lh3.googleusercontent.com/pw/AP1GczMAhi6C2stnXlZMXFtKMha-A8_W5js_irVj5a4ms44l2IvrVVpWZExln9yMBv1uBAb-zLiqaiGp_5ee9t6qfsH56AOCIffg7wvrROFqg8iNzh5KqUTd4lrRFTLsGSB5iv9-Jp_bhTTHU4nXj9fgHiYD=w460-h580-s-no-gm?authuser=0,查看圖片
999-000-981099-0,人文思想類,哲學,,漠禪茅更雅,游良前,這是一本探索在極簡環境中，如何透過空間設計與氛圍營造，達到心靈平靜與美學體驗的著作。本書結合了環境心理學、東方禪宗美學和西方極簡主義設計理念，分析了「漠」(空曠、廣袤)、「禪」(冥想、靜思)、「茅」(樸素、自然)、「雅」(簡約、精緻)這些元素如何共同作用於人類感官與精神層面。書中透過具體案例，展示了在沙漠、荒野或極簡室內空間中，如何利用自然光影、材質紋理與有限的物件，創造出令人感到舒適、寧靜且富有啟發性的空間體驗。本書旨在為設計師、藝術家及追求內在寧靜生活方式的讀者，提供新的設計思考與心靈指引。,知返,中文,1071,480,44,https://lh3.googleusercontent.com/pw/AP1GczMrHzOMNEsK6Vs9UkvU2jeXGDtjWbrndrledLsOEfLoGBfLNqfwhf_MDtU2xkRItghHEW-vN2mhH4InWN6zgbg3uMJhebx5LeZKopzSWzaNBDKEfYXb1wueXduc7Nhh7AMUFdFaiC39GuCAIm3Nqbta=w460-h580-s-no-gm?authuser=0,查看圖片
999-000-252299-7,自然科學類,自然,,漁捕,七還幾,全面介紹現代海洋漁業管理與捕撈技術的專業書籍。本書從海洋生態的可持續發展角度出發，探討了不同漁具漁法的效率、對海洋生態的影響以及漁業資源的評估與管理策略。內容涵蓋了遠洋捕撈、近海養殖、漁獲物加工與冷鏈運輸，以及國際漁業法規與政策的制定。書中詳細分析了過度捕撈、非法捕撈對海洋生態系統的破壞，並提出了可持續漁業發展的技術解決方案與管理模式。本書旨在為漁業管理者、海洋生物學家及相關從業人員，提供一份關於現代漁業可持續發展的權威指南。,知返,中文,910,230,3,https://lh3.googleusercontent.com/pw/AP1GczOVZFlQhtKm_C-NHJk3hxrDOwVz2BkjKUB_FaZwLZrSgXXokWmslaeI3H7cHb7s_nMfRmbW-_UxtY1809Z4DIH0HYPTXIs2-PSs4bphtOahPYS6HP5EqeOEazP8TruC-yDicZlN7aYFSadk_-hmgTEZ=w460-h580-s-no-gm?authuser=0,查看圖片
999-000-526729-0,文學小說類,小說,,若是明天我們會見面,袁子涵,本書深入探討了現代社會中人際關係的本質，並分析了時間感知在其中扮演的角色。這項跨學科研究透過對大量文學作品、社會案例和心理學文獻的分析，旨在剖析「相遇」與「分離」在當代生活中的複雜意涵。作者引導讀者思考：在快速變動的社會中，人們如何面對期待、不確定性和潛在的失落？書中不僅從心理層面解讀了人類對於連結的渴望與恐懼，也從社會學角度審視了現代通訊技術對人際互動模式的影響。本書為文學研究者、社會心理學家以及對人際關係議題感興趣的讀者，提供了一份深刻的洞察。,藍色星球,中文,370,818,90,https://images.plurk.com/1S1mrYKvyGadaoCkRZMWtv.jpg,查看圖片
999-000-409906-0,文學小說類,小說,,只有我知道那河裡有什麼,趙文生,探討河流意象在文學作品中的演變，並將其與實際水域生態變遷進行對照，是這份專題報告的核心。本書結合了環境文學評論與水域生態調查，深入研究了河流生物多樣性、水質污染現狀以及流域歷史文化，揭示人類活動對河流生態系統的深遠影響。本書旨在喚起讀者對水環境保護的意識，並鼓勵以更廣闊的視角去理解河流作為自然與人文複合載體的意義。這是一本為環境保護者、文學研究者及水利工程師提供了獨特跨領域視角的書籍。,城市生態觀察社,中文,537,771,208,https://images.plurk.com/4TmjE92zBJ4HQ7ZUhYVBjh.jpg,查看圖片
999-000-668871-0,自然科學類,科學,,簡單易懂的電腦科學,張偉倫,為非專業人士設計的電腦科學入門指南，本書以清晰的邏輯和生動的語言，將複雜概念拆解為易於理解的部分。內容涵蓋了計算機的基礎原理、數據結構、演算法、編程思維以及網絡通訊等核心知識。作者透過大量的圖解、生活化案例和趣味問答，幫助讀者建立對電腦科學的整體認知，破除學習障礙。本書旨在激發讀者對科技的興趣，提升數位素養，是所有希望理解現代科技運作原理的普通讀者理想的入門教材。,科技通識教育出版社,中文,1186,999,248,https://images.plurk.com/1zJiIW2DtNQHKeIMXkoyqj.jpg,查看圖片
999-000-241891-4,自然科學類,科學,,自然科學,張偉倫,這是一部關於自然界基本規律與現象的綜合性科普讀本。本書全面涵蓋物理學、化學、生物學、天文學和地球科學等多個自然科學領域的核心概念。從宇宙的起源到生命的演化，從物質的構成到能量的轉換，作者以嚴謹的科學態度和通俗易懂的語言，闡明了自然界的運行法則。書中不僅解釋了基礎理論知識，更著重於科學思維方式的培養，引導讀者學會觀察、提問與探究。本書是學生學習自然科學的良好輔助教材，也是廣大科學愛好者拓展知識視野的理想選擇。,科技通識教育出版社,中文,577,347,150,https://images.plurk.com/6ZfTAOaLmiDiW4hjhdFzyC.jpg,查看圖片
999-000-212048-5,歷史與地理類 ,歷史,,後漢書,陳志遠,研究中國東漢時期（公元25年-220年）歷史的權威史學著作。本書詳細記載了東漢王朝的政治沿革、經濟發展、社會變革、文化風貌以及民族關係等各個面向。作為「二十四史」之一，它不僅是研究後漢史的基本文獻，更為理解中國古代政治制度、思想文化和社會生活提供了豐富的資料。本書透過對原典的梳理與解讀，分析了《後漢書》的編纂特點、史料價值及其對後世史學的影響。這是一本歷史學、文學研究者以及對中國古代史有興趣的讀者不可或缺的參考。,藍色星球,中文,291,216,57,https://images.plurk.com/1P95vEdLCKcY0d5xkppkI8.jpg,查看圖片
999-000-895922-4,藝術與設計類 ,自然,,台灣都市鳥類圖鑑,葉秀芳,專為台灣都市環境設計的鳥類觀察指南。本書收錄了在台灣城市、公園、校園及郊區常見的鳥類物種，每種鳥類均附有詳細的形態特徵、棲息環境、行為習性及鳴聲描述。書中配備了精美準確的生態插畫或照片，方便讀者進行快速辨識。除了物種介紹，本書也提供了城市觀鳥技巧、鳥類生態保護常識以及簡易的野外紀錄方法。本書旨在鼓勵都市居民親近自然，認識身邊的鳥類鄰居，提升對生態環境的關注，是觀鳥愛好者和生態教育者的實用工具書。,城市生態觀察社,中文,446,1034,99,https://images.plurk.com/47DXvzNeIckj3Gmnz3355P.jpg,查看圖片
999-000-298283-5,生活與休閒類 ,休閒,,搞笑藝人不搞笑,廖心怡,探討喜劇演員幕後生活與職業壓力的研究報告。本書從心理學和社會學角度，透過對多位搞笑藝人的訪談、行為觀察及心理測試，深入分析了他們在舞台上的「搞笑」與私下生活中的「不搞笑」之間的心理反差。內容涵蓋了喜劇表演的壓力、公眾形象與個人身份的衝突、以及藝人如何應對職業倦怠和情緒管理。本書旨在揭示表演藝術家光鮮背後的真實面貌，為演藝圈從業者、心理學研究者及喜劇愛好者提供一份獨特的行業觀察與心理分析。,藍色星球,中文,309,583,235,https://images.plurk.com/CVsymBRSTgr4j1bpFjgAP.jpg,查看圖片
999-000-854952-1,生活與休閒類 ,自然,,我的第一盆盆栽,葉秀芳,一本專為園藝初學者設計的盆栽養護入門手冊。本書以圖文並茂的方式，系統地介紹了如何從零開始，選擇合適的盆栽植物、準備栽培土壤、進行日常澆水施肥、以及應對常見病蟲害等基本知識。內容涵蓋了多種適合居家環境的盆栽植物，並針對每種植物提供了詳細的養護技巧和注意事項。本書旨在幫助新手輕鬆入門盆栽世界，享受綠色生活帶來的樂趣與療癒，是居家裝飾與園藝愛好者的實用指南。,城市生態觀察社,中文,964,1019,158,https://images.plurk.com/5KzsKl25jNoSJbnEoi77rl.jpg,查看圖片
999-000-267514-0,生活與休閒類 ,自然,,麻雀都去哪裡了？,葉秀芳,這是一部針對城市麻雀數量變化及其生態學意義的專題研究。本書透過長期的實地觀察、數據統計和環境分析，探討了城市化進程、棲息地喪失、食物來源變化以及環境污染等因素對麻雀種群的影響。作者旨在揭示麻雀數量變動所反映出的城市生態健康狀況，並探討如何透過改善城市環境來保護常見鳥類。本書為城市規劃者、生態研究者及普通市民提供了關於城市生物多樣性保護的重要警示與思考。,城市生態觀察社,中文,755,857,86,https://images.plurk.com/YzX5YwoxG6LrpzSjVrTN8.jpg,查看圖片
999-000-910668-7,宗教與哲學類 ,哲學,,白馬非馬-中國經典哲學,楊思遠,深入探討中國古代哲學中邏輯思辨與概念辨析的學術專著。本書以公孫龍的「白馬非馬」命題為切入點，系統梳理了先秦時期名家、法家、道家等各學派在概念、判斷、推理等方面的思想發展。作者透過對儒家「正名」、道家「道可道非常道」等哲學命題的深度解讀，揭示了中國古代哲學家在語言、知識與存在關係上的獨特思考。本書旨在為哲學研究者、邏輯學愛好者及對中國傳統文化有興趣的讀者，提供一份關於中國古代邏輯思維的專業分析。,藍色星球,中文,606,881,188,https://images.plurk.com/78sGuZsCpxYmbj0tNkQZVE.jpg,查看圖片
999-000-368887-7,藝術與設計類,藝術,,Tlime Glidlern Tay,Dr. Alistair Finch,"This comprehensive volume delves into the foundational principles and advanced applications of ""Tlime Glidlern Tay,"" a groundbreaking generative art framework. It offers an in-depth analysis of its algorithmic structures, data input methodologies, and emergent aesthetic capabilities across diverse visual domains. The book explores its theoretical underpinnings in context-aware design, procedural texture generation, and its potential in complex interactive art installations. Intended for digital artists, computational designers, and researchers in creative AI, this work provides critical insights into the next generation of algorithmic art and design systems.",Synthetica Press,英文,664,1066,76,https://lh3.googleusercontent.com/pw/AP1GczPKEGCxOJ2o5GhtVSDRHLKZxiYceZQLfUc-gLNT6kxKK-RCsrevpjoIQZV0E8efyPVL8a4lK2ocCjVc_CA2Pbhjc--wrz52-Ublquv2PHy65CKBxpPdI2bR4VU9tnU4_iaDSxgdyVSKjmc1TZuvezhR=w460-h580-s-no-gm?authuser=0,查看圖片
999-000-982816-8,藝術與設計類,藝術,,The Roastiers of the Badenn ifs,Professor Genevieve Beaumont,"Focused on the intricate art and science of ""Badenn ifs"" – a unique roasting and caramelization process – this text provides a detailed guide for culinary stylists and photographers. It meticulously outlines the visual dynamics, plating techniques, and lighting principles critical to achieving the distinct texture and color profiles characteristic of Badenn ifs in food imagery. From precise temperature-controlled aesthetics to ingredient presentation and prop styling, the book offers scientific explanations for visual appeal alongside innovative adaptations for food photography. This serves as an essential reference for culinary artists, food photographers, and stylists seeking to elevate their visual storytelling in gastronomy.",Synthetica Press,英文,479,476,99,https://lh3.googleusercontent.com/pw/AP1GczOpU9PI69c2JMvmWemLUwwFd-H4wSeXppdjxVNu6i3FEASbsu392qDjropLEgha_p6ULYTuIuXPFWAnTxGP1EiEM9vCB-bN2KwGEWEtg92x2aQngnlJMC7zw9iOXwURZmhUI1kGzF1Nrp-VjZfJOUEr=w460-h580-s-no-gm?authuser=0,查看圖片
999-000-499514-7,藝術與設計類,藝術,,The Surest of the book,Dr. Clara Ellington,"Navigating the complexities of design integrity and material authenticity in book production is the central theme of this scholarly work. ""The Surest of the book"" provides a robust framework for assessing the craftsmanship, tactile qualities, and historical provenance of bookbinding and publication design. It examines methodologies for material selection, structural integrity, and the establishment of aesthetic standards for printed matter. The volume addresses critical issues in preservation design, ethical restoration, and the evolving standards for durability and beauty in physical books. This book is an invaluable resource for bookbinders, publication designers, conservators, and scholars of material culture.",Synthetica Press,英文,560,388,250,https://lh3.googleusercontent.com/pw/AP1GczPzOIaiei_Pc_jK02ayrHoPjV4cm6WOKtogRPbhccmpjp3_JIhT4pumnir5u9-CsIi4yb1BdPRns6tYY05lOBUh0lt7sZnFsqRNGaGa3ou8vEE1iO6k7KabpZlxp1byq2oOAjxJMbTArnEO4ZSsKWfc=w460-h580-s-no-gm?authuser=0,查看圖片
999-000-568782-2,藝術與設計類,藝術,,Ameriers of the book,Professor Jonathan Croft,"This academic treatise explores the significant, yet often overlooked, ""Ameriers"" – pivotal figures or movements that profoundly shaped the landscape of early American typography, illustration, and visual communication. Through meticulous archival research and design analysis, the book uncovers how these Ameriers influenced type design, woodcut and engraving techniques, layout principles, and the overall visual identity of nascent American publications. It examines their roles in establishing graphic standards, promoting visual literacy, and contributing to the aesthetic infrastructure of the young nation. This is a foundational text for graphic designers, typographers, and historians of American visual culture.",Synthetica Press,英文,485,281,9,https://lh3.googleusercontent.com/pw/AP1GczMMXmslH6bMYwHfnJbC20Q4vc_5i5nuyhT3FEIUFmyZpMqnS1vlrgvSYjOPfaqOiHjtxD4Ea9k704AUNwbVUCHq46bEgd7lz7dps49N833nZ-qF1OyCgoJsCK9FlKFvDEUqCZNkqlHZI5OqgIWdLrQw=w460-h580-s-no-gm?authuser=0,查看圖片
999-000-612363-3,自然科學類,科學,,ECHOES OF THE VOID,Dr. Lena Petrova,"Exploring the faint, yet critical, signals emanating from the earliest epochs of the universe, this book presents a comprehensive review of ""ECHOES OF THE VOID."" It details advanced observational techniques used to detect cosmological background radiation, primordial gravitational waves, and relic particles that provide clues to the universe's initial conditions and rapid expansion. The text delves into theoretical models of the Big Bang, inflation, and dark matter/energy implications as inferred from these subtle cosmic echoes. Intended for astrophysicists, cosmologists, and advanced students, this work illuminates the scientific quest to understand the universe's ultimate origins and evolution.",Synthetica Press,英文,1109,463,207,https://lh3.googleusercontent.com/pw/AP1GczPRuGABwll5rDQ1BtQSrHvQvTNaArWFtO1XduPk1jpB6h2P2G158-MuPidypNwXRz8u5QAJNYho5I3pBJll4ruO-5ZTL58Hd090bmgLz2NOQuoLwxcW389hOcyTWM9m3ocJsIKPMfhTD6PlGyd3wlDC=w460-h580-s-no-gm?authuser=0,查看圖片
 999-000-123456-7,宗教與哲學類,佛教解釋,,佛教解釋,許淑芬,深入淺出地闡釋佛教的核心教義與哲學思想。從緣起性空、四聖諦到八正道，帶領讀者理解佛陀的智慧，探討佛法如何引導人們解脫煩惱，追求內心的平靜與覺醒，是認識佛教思想體系的入門指南。,啟明哲思出版社,中文,320,480,120,https://lh3.googleusercontent.com/pw/AP1GczPorBwysL9HQAdKSZhFJf09ifVBSB6X90es45JloRPt4zeMM-NNMMXrLB5iIrdOeV5DN16eRKwqAQEX34hKV3dMy5qyyfOGPXEDPSa2rpOxZufgvJl9APmIrsn9lSYBXxpZdO72y6iPi_kaFWW1deZF=w579-h869-s-no-gm?authuser=0,查看圖片
999-000-234567-8,科學類,自然科學,,火箭科技,蔡宗翰,詳盡介紹火箭科學的基礎原理與最新發展。從推進系統、空氣動力學到軌道力學，揭示火箭升空、太空探索的奧秘。內容涵蓋各類型火箭的設計與應用，為讀者揭開航太科技的神秘面紗，一窺人類征服宇宙的偉大成就。,探索前沿出版社,中文,450,750,85,https://lh3.googleusercontent.com/pw/AP1GczPspzDXwGx4Jbh9Zc58cS59aAbN3uUASh4EWeRE26YnmRT_WKBry4-LH7l4sOKSdKC9FcW-LeVfkry8sju-bL3BbkzVaS5ZgR4GzIkmOjPdibVsDEU8AJsCnMo0l_U823JAbD92GxVyoBhPq9_VfE2Z=w579-h869-s-no-gm?authuser=0,查看圖片
999-000-345678-9,社會科學類,心理與教育,,心理學介紹,吳佩玲,本書是心理學的入門指南，系統性介紹人類行為與心智活動的科學。內容涵蓋認知心理學、發展心理學、社會心理學等多個領域，探討記憶、學習、情緒、人格等主題，幫助讀者更好地理解自己與他人，提升人際互動與生活品質。,啟明哲思出版社,中文,288,420,155,https://lh3.googleusercontent.com/pw/AP1GczNtKUcWkF5io2lRbpY9gBCa02HZ3pNCFw63vEpvB6Z8Olr86xxGIYG-u-5DKMn2yKa8cYUHBPAuf4eVQZCyhN5xK2bd2oyI4WG0Wp_Yf6Irt-dpUb0Ia_YMkY6J00y5MUK0fZHwBZKMbYBEt8oVWwxw=w579-h869-s-no-gm?authuser=0,查看圖片
999-000-456789-0,歷史與地理類,地理與文化探索,,地理知識,楊凱文,匯集豐富的地理常識，帶領讀者探索地球的奧秘。從地貌變遷、氣候類型到人文地理，深入淺出地介紹自然與人文環境的相互作用。書中配有豐富的圖表與案例，幫助讀者拓展視野，理解世界各地風土民情的形成與發展。,寰宇文化出版社,中文,350,620,90,https://lh3.googleusercontent.com/pw/AP1GczO53LsGbgRJS2kd37ZPD4Ic12NGDLS4YU0MZpr_f6ffbWJLctFhPPDcidNg6O5BCIA30lhqGv9Nl7WoMIrNrDmyLo_YZAgYiC5MvHHndnyofXDs0Wd_Va6SOCKfAHHYRYEwdxZbbhm6SBGAZNSOi0eU=w579-h869-s-no-gm?authuser=0,查看圖片
999-000-567890-1,宗教與哲學類,哲學與思辨,,哲學的理念,李明華,探討哲學的根本問題與核心理念。從古希臘到現代，介紹各派哲學思想家對存在、知識、道德、美學等議題的深刻思考。引導讀者批判性地審視世界，培養獨立思考的能力，在多元的觀點中尋找真理與人生的意義。,啟明哲思出版社,中文,380,620,90,https://lh3.googleusercontent.com/pw/AP1GczOq_pzmjUs5kV4bh_LSDreYGH-4t2odIzTgGUavfityvOsrlkNARU37zevlnI4DOvninajIvZvnt8U81PwOR_9N0SQf1-OCxnb2nS7e6bdMd0dYn9qwzC25DDl1l2RBNPLb_-TyRR_Ibdg7lyVE3lww=w579-h869-s-no-gm?authuser=0,查看圖片
 999-000-678901-2,歷史與地理類,地理與文化探索,,國際觀光景點,張雅婷,精選世界各地的著名國際觀光景點，提供詳盡的介紹與旅遊攻略。從歷史古蹟、自然風光到現代都市，帶領讀者領略不同文化的魅力。書中包含交通、住宿、美食等實用資訊，是規劃國際旅行、探索異國風情的最佳參考指南。,寰宇文化出版社,中文,520,880,75,https://lh3.googleusercontent.com/pw/AP1GczM5opCPlzGZeSQYVM_JZHfnqbGROFZ5qNaDpPnGO3PWS9Hq72D5mgEB3Ll2pC8-7orlaEVqjhOGggQtu5vECQ3-vgOVgUpJPM3mi14SZ7jc6Ic6G-ivOMv13kZQ2EIu_VydJVvK9bxBRUiOYBKYWwFX=w579-h869-s-no-gm?authuser=0,查看圖片
999-000-789012-3,歷史與地理類,地理與文化探索,,法國旅遊指南,王子杰,為您量身打造一趟浪漫的法國之旅。詳盡介紹巴黎的藝術氣息、南法的薰衣草田、蔚藍海岸的陽光與阿爾卑斯山的壯麗。提供實用的交通、住宿、美食資訊，並推薦獨特的文化體驗，讓您深入感受法國的歷史、藝術與生活美學。,藝文采風出版社,中文,256,399,180,https://lh3.googleusercontent.com/pw/AP1GczNyv4_IRP1fcziojkssWEbkWuXy4qaaZI3wuQ1iGj9Cr5A6DKj7VevFffCfVf96r1C749-RJQUWszrRAmrJHA_j0gSHydLXtYycnAZI2gdy-LaGLgpoaq8VxRrJdtSPavGK8SuO2YL-KDyDkdsg-qyC=w579-h869-s-no-gm?authuser=0,查看圖片
999-000-890123-4,宗教與哲學類,哲學與思辨,,道德論, 陳思宇,深入探討道德的本質與規範。從倫理學的理論基礎到實際生活的道德困境，引導讀者思考善惡、正義與責任。內容涵蓋功利主義、義務論、德性倫理學等主要學派，幫助讀者建立健全的道德觀，提升個人的倫理判斷與行為選擇。,啟明哲思出版社,中文,296,495,130,https://lh3.googleusercontent.com/pw/AP1GczMjV2ovpDOdtN134XTiLGBRH3xzAvxEjgrR8NCMgbT6GBa6vL2usl1hksKZy0e5Hipi6a-YMJ6LmL1c1yWoiY4zexpgnUJR-Iy_ge0C1HQ18MipA15ur3H11fBdoQUFPAd4Fm34jBVvAL5AmgN0idgU=w869-h869-s-no-gm?authuser=0,查看圖片
999-000-901234-5,藝術與設計類,美術與攝影,,龍與藝術,SONTELL,龍在東西方藝術中的象徵意義與多元呈現。從古老的傳說、神話故事到繪畫、雕塑、建築等藝術形式，解析龍的形象如何被賦予權力、智慧、祥瑞等文化內涵。帶領讀者穿越歷史，欣賞龍在藝術領域的獨特魅力與文化影響。,藝文采風出版社,英文,220,550,60,https://lh3.googleusercontent.com/pw/AP1GczP29S-AnSD2lOv6DlHKEnFgGlZzW5UVZ2yw7jWcYVW9vbjNEmdn7gIyqy9wdCklOw9xx087XZP-Tr0Cs6SkHjLN2H_BF8rRyn_apUvqtq8h55NagVkTxr6Yd3CEq2ZjlpG-DC-StwA4V8r59X7z9zmd=w869-h869-s-no-gm?authuser=0,查看圖片
999-000-012345-6,生活與休閒類,旅遊與手作,,筆記要點,MAKLTH JOB,提供高效筆記的實用方法與技巧。從選擇合適的筆記工具、建立邏輯架構到運用符號速記，幫助讀者提升學習效率與資訊整理能力。書中介紹多種筆記系統與應用場景，無論是學生或職場人士，都能找到適合自己的筆記策略。,藝文采風出版社,英文,180,280,200,https://lh3.googleusercontent.com/pw/AP1GczN2UEJUQcY5uMRJBgwoxR_voqq2Lkpx0V_G-TZfOi5ZjDlXHeozZo48iGMtU1yaBLdYspxJulZxdqdO6YU21TCp20qrP4jRlkF1aLHjl7d3zc6dA9H1sw4e_-IB4vlgoyi6LgrbihXzw31be7qzGmVl=w869-h869-s-no-gm?authuser=0,查看圖片
999-000-112233-7,商業與管理類,行銷與創業,,商業管理,DR.DANEL,全面介紹商業管理的關鍵概念與實務操作。從策略規劃、組織行為到行銷管理、財務分析，為讀者提供建立與經營企業所需的知識框架。書中結合實際案例，幫助讀者理解商業世界運作的邏輯，提升解決問題與決策的能力。,探索前沿出版社,英文,410,680,95,https://lh3.googleusercontent.com/pw/AP1GczMTKULAZ4bhdTU5gtuo6ufIfWGKEkGZ4IngUgupNMVrUQmZ4N9V-0NPlKf9G7aNJojB4ETpbsRGf_3frG56fs8XCP03aZC7xQSmfq-dbgOiZp5AbeqBljPJ70K644YWbfdChkfYS_DTxN-ToiVfwsRz=w869-h869-s-no-gm?authuser=0,查看圖片
999-000-223344-8,藝術與設計類,設計與建築,,建築學,LILIAN ,入探索建築的歷史、理論與實踐。從古典建築的宏偉到現代建築的創新，介紹不同風格與結構的設計理念。內容涵蓋建築材料、空間規劃、結構工程等專業知識，引導讀者欣賞建築之美，理解建築如何塑造我們的生活環境。,探索前沿出版社,英文,370,720,70,https://lh3.googleusercontent.com/pw/AP1GczOVeFNRVlZmqPdA2sY1fagxjUAqBch6p-Hw1vfqpDtPmZRE9l2ZngSfgZPNDtBndAcMveNg6EPpItmZaYxuFlcdkO_izWGXtOqeQtCdoF3gkhBR-5ZipFFQ2DFdgVosMwFXAVZBqvoMu5pUzx0wYsTB=w869-h869-s-no-gm?authuser=0,查看圖片
999-000-334455-9,科學類,自然科學,,宇宙學,DIRRN WALVEN,帶領讀者進入浩瀚的宇宙。從宇宙的起源、演化到星系、黑洞、暗物質等最新發現，介紹宇宙學的基礎理論與前沿研究。書中結合天文學的最新觀測數據，揭示宇宙的奧秘與人類在其中的位置，激發讀者對未知世界的無限想像。,寰宇文化出版社,英文,490,850,50,https://lh3.googleusercontent.com/pw/AP1GczMSOgk75vEklbnFJYf_7abRGdoneWrW92oH4aEabLR24JA540eY0H3qm1ERA-ZLoFj3HD_7K8Xkf6KK8IL-oDDXd9QuP95KhzapwCISdWZcyeK6lq_WYvZsYGRQh-Oqg8XP3qW3sDhbnW20esA3m3jC=w869-h869-s-no-gm?authuser=0,查看圖片
